{
  "allowReClinging": true,
  "autoRotation": false,
  "onFallDoubleJump": true,
  "exhaustionWallJump": 0.8,
  "minFallDistance": 7.0,
  "elytraSpeedBoost": 0.0,
  "sprintSpeedBoost": 0.0,
  "stepAssist": false,
  "useDoubleJump": true,
  "useWallJump": true,
  "wallJumpHeight": 0.55,
  "wallSlideDelay": 15,
  "stopWallSlideDelay": 72000,
  "playFallSound": true,
  "enableEnchantments": true,
  "enableWallJump": true,
  "enableDoubleJump": true,
  "enableSpeedBoost": true,
  "speedBoostMultiplier": 0.5
}